{"cameraMode":{"drawMode":0,"name":"Shaded","section":"Shading Mode"},"sceneLighting":true,"audioPlay":false,"sceneViewState":{"m_AlwaysRefresh":false,"showFog":false,"showSkybox":false,"showFlares":false,"showImageEffects":false,"showParticleSystems":false,"showVisualEffectGraphs":true,"m_FxEnabled":true},"in2DMode":false,"pivot":{"x":-977.3322143554688,"y":746.103271484375,"z":10.902496337890625},"rotation":{"x":0.041673511266708377,"y":0.015581505373120308,"z":0.0006574792787432671,"w":-0.9990231394767761},"size":158.00376892089845,"orthographic":false}