{"cameraMode":{"drawMode":0,"name":"Shaded","section":"Shading Mode"},"sceneLighting":true,"audioPlay":false,"sceneViewState":{"m_AlwaysRefresh":false,"showFog":false,"showSkybox":false,"showFlares":false,"showImageEffects":false,"showParticleSystems":false,"showVisualEffectGraphs":true,"m_FxEnabled":true},"in2DMode":false,"pivot":{"x":-1065.807861328125,"y":345.5149841308594,"z":145.53704833984376},"rotation":{"x":0.0039717149920761589,"y":0.4705345034599304,"z":-0.0021154109854251148,"w":0.882377028465271},"size":122.93402862548828,"orthographic":false}