{"cameraMode":{"drawMode":0,"name":"Shaded","section":"Shading Mode"},"sceneLighting":true,"audioPlay":false,"sceneViewState":{"showFog":false,"showMaterialUpdate":false,"showSkybox":false,"showFlares":false,"showImageEffects":false,"showParticleSystems":false},"in2DMode":false,"pivot":{"x":-699.52978515625,"y":228.08612060546876,"z":-60.586952209472659},"rotation":{"x":-0.30471086502075198,"y":-0.17665702104568482,"z":0.05762617290019989,"w":-0.9341471195220947},"size":316.2622375488281,"orthographic":false}