{"cameraMode":{"drawMode":0,"name":"Shaded","section":"Shading Mode"},"sceneLighting":true,"audioPlay":false,"sceneViewState":{"showFog":false,"showMaterialUpdate":false,"showSkybox":false,"showFlares":false,"showImageEffects":false,"showParticleSystems":false},"in2DMode":false,"pivot":{"x":-943.479736328125,"y":348.9813232421875,"z":40.192344665527347},"rotation":{"x":-0.057263001799583438,"y":0.023056691512465478,"z":-0.001322723925113678,"w":-0.9980936050415039},"size":57.07240295410156,"orthographic":false}